Company,Name,Email,Tel,Fax,Website
A GLOVE SDN BHD(1399834-K),Ms Jasmine,sales01@3aglove.com,0177055216,, https://3aglove.com
A.R. MEDICOM (M) SDN BHD(982717-K),Ms Anna Khan,anna.khan@medicom-malaysia.com,0374914818,0374914819, http://www.medicom-asia.com
A.W. FABER CASTELL (M) SDN BHD(40619-U),Mr Ivan Hor,ivan.hor@faber-castell.com.my,60380246363,60380247886, http://www.faber-castell.com.my
A1 GLOBE SDN BHD(1291926-U),Ms Lim Sook Chin,sales@a1globe.com.my,60127280463,60127280463, https://www.a1globe.com.my
AA ELASTING PRODUCTS SDN BHD(566323-H),Mr Von L. Chan,vonlchan@yahoo.com,60162351192,60332911192, http://www.aaelasting.com
AAMEDIX GLOVE SDN BHD(1253941-D),Mr Anson Ker,anson@aamedix-glove.com,0333592650,0333592657, www.aamedix-glove.com
AB WORLDWIDE SDN BHD(44534-H),Ms Tracy,info@abworldwide.co,0378598855,, https://www.abworldwide.co
ABLESUN RUBBER INDUSTRIES SDN BHD(342525-U),Ms Alicia Chin,alicia@ablesun.com.my,60361889633/61861633,60361855529, http://www.ablesun.com.my
ACE DELIGHT (M) SDN BHD(286616-W),Ms Lim Hay Pin,hplim@acedelight.com.my / limhaypin@yahoo.com,0322722722,0322722723, http://www.acedelight.com.my
ACE GLOVE (M) SDN BHD(1093042-V),Ms Aries Yong,aceglove.adm@gmail.com,054598880/60173873966,, www.aceglove.com.my
ACIDCHEM INTERNATIONAL SDN BHD(111715-H),Mr.Jason Lee,sales@acidchm.po.my,6043907818,6043907252, http://www.acidchem-international.com
ACMOLD ENGINEERING SDN BHD(58248-D),Mr Yap Keng Hock,acmold@tm.net.my,60333424078,60333427233,-
ACRO RUBBER INDUSTRY SDN BHD(809307-T),Mr Lim Huck Leng,hllim@acrorubber.com,6045022799,6045025799, http://www.acrorubber.com/
ACTEN ENGINEERING SDN BHD(328220-W),Mr Yap Kong Hui,acten@actengroup.com.my,6066792828,6066793000, http://www.actengroup.com.my
ADIKEM SDN BHD(66047-H),Mr Kang Kui Ling / Mr Wong Thien Song,sales@adikem.com.my,60356364615,60356363579, http://www.adikem.com.my
ADVENTA HEALTH SDN BHD(680647-X),Mr Aaron Lam / Mr Simon Shih,aaronlam@topglove.com / chshih@topglove.com,60378903300,0333623860, http://www.adventa-health.com
AE RUBBER SDN BHD(227010-A),Ms Norshazelin Bt Mohd Zan,sales@aerubber.com,6078616608,6078616605, http://www.aerubber.com
AEROFOAM MANUFACTURING (1969) SDN BHD(930131 - X),Mr Lee Teong Peng ,Tp.lee@aerofoam.com.my,60331767911,60331767866, http://www.aerofoam.com.my
AKASHI RUBBER (M) SDN BHD(635431-M),Mr Yuuki Aonuma,yuuki@akashi-g.co.jp,60332919805,60332917599, http://www.akashi-g.co.jp
AKZO NOBEL OLEO CHEMICALS SDN BHD,Mr. Tan Geok Chai,,6072518000,6072511066,-
ALFAGOMMA MALAYSIA SDN BHD(175783-P),Pn Sharom Nachak Che Mat Din,sharom.nacak@alfagomma.com.my,6072572000/2010,6072572100, http://www.alfagomma.com
ALLIANCE RUBBER PRODUCTS SDN BHD(52446-U),Mr Chua Beng Chuan,alliancerubber@alliancerubber.com,6045932235/7616,6045932262, http://www.alliancerubber.com
ALMA RUBBER ESTATES SDN BHD(05132-A),,,045511648/5511011,6045511041, http://www.almarubber.com
AMST GLOBAL SDN BHD(1253033-V),Mr Mohamed Medhat Nemr Elsayed Abdalla,m.nemr@amstglobal.com,01160677255,, -
AMTEK SHOES SDN BHD(134677-V),En. Zaini Ismail,amtekssb@tm.net.my,60331761236,60331762235,-
AMTRIX  SDN BHD(432969-D),Ms Yap,amtrix@streamyx.com,60333448689,60333449689,-
ANGGUN ENTERPRISE SDN BHD(228349-A),Mr Lim Chiew Lee,agemiri@hotmail.com,6085652225,6085668797,-
ANJUR CANGGIH SDN BHD(496851-D),Mr Chok Kui Kong,,088437133,6088387263,-
ANSELL (KULIM) SDN BHD(57285-X),Ms Mary Teoh,mary.teoh@ansell.com,6044026833,6044026800, http://www.ansell.com
ANSELL NP SDN BHD(159719-W),Mr. Chandra,chandrasegaran.amasi@ansell.com,6062328111,6062326800, http://www.ansell.com
AP DIGITAL MEDIA SDN BHD(527318-U),Ms Jane Lee,jane@saptraders.com,0361505700,, https://www.saptraders.com/
APEX GLOVE SDN BHD(932923-D),Eric Ngan,eric@apexglove.com,60330829393,60330829292, http://www.apexglove.com
APOLLO RUBBER SDN BHD(25665-K),Ms Norhawati Miskam,customer.apollo@gmail.com,60331221101/1102,60331228798, http://www.apollogloves.com
APPROFIT ZINC OXIDE MANUFACTURING SDN BHD(223363-P),Mr KL Loh,apfkl@tm.net.my,60379804401,60379839948,-
AQUASPERSIONS (M) SDN BHD(249917-H),Mr SC Tan,info@aquaspersions-malaysia.com,60360937088,60360933699, http://www.aquaspersions.co.uk
AQUATEX INDUSTRIES SDN BHD(456219-D),Mr Ng Yew Mun,nym@aquatex.com.my,6078637455,6078637459, http://www.aquatex.com.my
ARACHEM (M) SDN BHD(127181-D),Mr Ching Paw Yoon,ching@arachem.com.my,60362762323,60362733555, http://www.arachem.com.my
ARMCREST INDUSTRIES SDN BHD(371557-D),Mr Chai Main Jye,cmjye09@gmail.com,60380616010,60380631170, www.armcrest.com
ARMSTRONG ELECTRONICS SDN BHD(834729-U),Mr Ken Choon,ken.choon@armstrongasia.com.my,076616938,076616986, https://armstrongasia.com
ASAP INTERNATIONAL SDN BHD(1157980-X),Mr Eric Tan,marketing@whyasap.com,0351910166,0351910702, http://www.whyasap.com
ASCENT CARE SDN BHD(643488-V),Mr Peng Chan Nguang,info@ascentcare.com,069512796/0126821723,069512796, http://www.ascentcare.com
ASPEN GLOVE SDN BHD(202001022163  (1378483-U)),Ms Janice Lim,janice@aspen.com.my,6044035000,6042275005, www.aspenglove.com.my
ASSOCIATED FIRST RUBBER (M) SDN BHD(524138-X),Mr. Lim Tian Ann,ellexlim@cooltecindustries.com,60361869969/3396,60361866086, www.associatedfirstrubber.com
ASTA SALES & SERVICES SDN BHD(276669-U),Tuan haji Abdul Azis Abdullah,,60342578955,60342518697,-
AT GLOVE ENGINEERING SDN BHD(202001014272 (1370592-K)),Wong Thim Yee,kelly.wong@atsys.com.my,052014882,052014882, www.atsys.com.my
ATOM RUBBER INDUSTRIES SDN BHD(551720-V),Mr Wong Yin Chong,atomrubber@hotmail.com,6073862631,6073877645,-
AUTOLI TYRE RETREADING SDN BHD(39396-H),Mr. Low Chee Weng,,60377810031/77828299,60377810490,-
AVECENA GLOVES SDN BHD(935383-V),Mr Muhammad Hisyamuddin bin Abdul Hamid,hisyam@avecenagloves.com,067753422,, https://avecenagloves.com
AVEREX CHEMICALS SDN BHD(364028-P),Mr Kevin Tan,kevin@averex.com.my,60377851223,60377841223, http://www.averex.com.my
AXG INDUSTRIES SDN BHD(927814-W),Ms Maggie,maggie@axg.com.my,055943888/0123289221,055943838, http://www.axg.com.my 
AZ GLOBAL CORPORATE SDN BHD(1394697-U),Mr. Honzi Chin,honzichin@azprotection.com.my,0187777840/0350371547,, https://nitrione.com 
BAN LOONG CALCIUM CARBONATE PRODUCTS SDN BHD(32697-V),Mr.The Bee Kian,,6052540189,6052558728,-
BARD SDN BHD(150766-D),Mr Yuri Zahadinata B. Wahab,Yuri.Wahab@crbard.com,6044803000,6044891737, http://www.crbard.com
BAROKO SDN BHD(478908-X),Ms Carie Chuah,carie@baroko2m.com,60380248568,60380248598,-
BATA (MALAYSIA) SDN BHD(167120-P),Mr. Jorge Carbajal,klang@bata.com.my,60333425411,60333426034, http://www.bata.com.my
BAYDERM CHEMICAL MARKETING SDN BHD(204168-T),Mr. G.C. Lee,btrading@bayderm.com.my,60351912388,60351917488, http://www.bayderm.com.my
BAYER (M) SDN BHD(11379-D),Ms Jane Ng,jane.ng@bayer.com.my,60362093088,60379605719, http://www.bayerrubber.com
BEHN MEYER INTERNATIONAL TRADING SDN BHD(12201-H),,,60380263424/3333,60380263366/3377, http://www.behnmeyer.com
BEHN MEYER POLYMERS SDN BHD(8742-I),Mr. Teh Hun Siang / Mr. Badar Basir,tehhs@behnmeyer.com.my,60380263333,60380263366, http://www.behnmeyer.com
BERGAMOT SDN BHD(1153028-V),Mr Chin Tze Kai,kai@bergamot.com.my,0389644186,, www.bergamot.com.my
BEST FORM BRAKE MANUFACTURE SDN BHD(472055-T),Mr. Nick Tan,bfbmal@gmail.com,60361858503/9342,60341436967, http://www.bestformbrake.com
BETELCARE SDN BHD(120426-A),Mr Mohamad Zulfadhli bin Abdul Rahman,betelcaresb@gmail.com,60332903301/01115690927,60332903303, www.betelcare.com
BEYONDGLOVE SDN BHD(202001017112 (1373432-V)),Mr Lim Le Kern,lekern@beyondglove.com,0360214328,0360214169,-
BIG WHEEL GREEN TYRES SDN BHD(48447-D),Mr Cheah Kok Wai,cheahkw@bigwheelgroup.com,60356329981,60356329980,-
BINTANG ROLLERS TRADING SDN BHD(561730-U),Mr Huan Chu Min,huancm@yahoo.com,60362779962/62753219,60362779961, http://www.bintangrollers.com
BIO-FOCUS SAINTIFIK SDN BHD(140454-H),Mr Shamsul Bharin Hassan,shamsul@bio-focus.com,60351637000,60355690860, http://www.biomediagroup.com
BIOMAX RESOURCES SDN BHD(921772-K),Mr Loo Chee How,chloo@biomaxcorporation.com,60360388699,, https://biomaxcorporation.com
BIOMAX RUBBER INDUSTRIES SDN BHD(893311-W),Mr Loo Chee How,chloo@biomaxcorporation.com,0360388699/0122965570,0380638699, http://www.biomaxcorporation.com
BIOPRO (M) SDN BHD(204212-V),Mr T Rajaretnam,biopromsb@gmail.com,60331769418/9,60331761787, http://www.biopro.com.my
BOLD TECHNICS SDN BHD(397771-D),Mr Law Hock Seng,mega.safe@yahoo.com,60332902642/1996,60332901996, http://www.megasafe.com.my
BONRIC SDN BHD(208508-M),Mdm Rewathy Alagirisamy,rey@bonric.com.my,60360573400/4773,60360574452, http://www.bonric.com.my
BOUSTEAD ESTATES AGENCY SDN BHD,-,,60321419044/9566,60321419164,-
BPG CARE SDN BHD(1385453-D),Ms Azrina Binti Gani,azrinagani@yahoo.com,0321101717,, www.bpgcare.com
BRENNTAG MALAYSIA SDN BHD(24128-U),Mr Vong Chiang Zu,,60378459228,60378451178, http://www.brenntag.com
BRIDGE FIELDS RESOURCES SDN BHD(693996-W),En Zainudin Karim,zainudin@bridgefields.com,60356338444,60356345333, http://www.bridgefields.com
BRIGHTWAY HOLDINGS SDN BHD(169521-T),Ms Alice,alice.hr@brightway919.com,60333431007,60333414800, https://www.brightwayholdings.com
CABOT (MALAYSIA) SDN BHD(12694-A),Mr. Gary G Vaplon,meng_kok_ding@cabot-corp.com,6066482222,6066474221, http://www.cabot-corp.com
CALROCK SDN BHD,Mr. Liew Choke Sin,,6055451444,6055475106,-
CAMPHILL RUBBERTECH SDN BHD(895909-M),Ms Thoo Ke Shin,camphill_cleantech@yahoo.com.my,045383868/045383866,045307868, http://www.camphilltech.com
CAPE TECHNOLOGY SDN BHD(413847-X),Ms Teresa Tay,teresa@cape.com.my,6046426363,6046426366/6369, http://www.cape.com.my
CAREGLOVE GLOBAL SDN BHD(933760-W),Mr Lim Chew Kien,Shp1@careglove.com,066782377,066785377, http://www.careplus.com
CAREPLUS (M) SDN BHD(212677-K),Ms Christine Yew,christine.yew@careplus.com,6066772781,6066772780, http://www.careplus.com
CE TECHNOLOGY BHD(586410 P),Ms LY Yip,lyyip@ceglobal.com.my,6058910716,6058910717, http://www.ceglobal.com.my
CEEBEE CHEMICALS SDN BHD(254522-T),Mr Cheah Choon Lin,stanleywong@ceebee.com.my,60341436688,60341436868, http://www.ceebee.com.my/ceebee.htm
CENTRAL DESTAR (M) SDN BHD(539826-V),Mr S Panirselvam,admin@centraldestar.com,60122161115,60361562115, www.centraldestar.com
CENTRAL INDUSTRIAL CORPORATION BHD(12186-K),Mr Kenneth Yao,kennethyao@cicm.com.my,6044227888,6044217888, http://www.cicb.com.my/
CENTRAL MEDICARE SDN BHD(660896-T),Ms Rachel Loo,rachel.loo@harpshealth.com,60358704200,60358704201, https://www.centralmedicare.com.my/
CENTRE WEST INDUSTRIAL SUPPLIES SDN BHD(23692-V),Mr. Chris Sek,centwest@centrewest.com.my,60361576688,60361570651, http://www.centrewest.com.my
CERAMTEC INNOVATIVE CERAMIC ENGINEERING (M) SDN BHD(232897-V),Mr. G. Ravichandran,sales@ctmal.po.my,6066779300,6066779388, http://www.ceramtec.de
CHEMITRA SDN BHD(78696-M),Mr Simon Koh,chemitra_sb@yahoo.com,60378758578/78453005/78458195,60378475739/78761558,-
CHEMOPHARM SDN BHD(25504-W),Mr Steven Kong Chee Mun,enquiry@chemopharm.com.my,60378726000,60378747958, http://www.chemopharm.com.my
CHEMPRO TECHNOLOGY SDN BHD(157140-P),Ms. Chiew Yuen Chow / Mr. Michael Theng Kah Leong,ycchiew@chemprotek.com,60351212618,60351212619, http://www.chempro.com.my
CHEOK FUN TRADING SDN BHD(071345-H),Mr.Danny Ng,,60379832266,60379816889,-
CHIP HONG RUBBER SDN BHD(9801-M),-,,6076523732/3255/4019,6076523236, n/a
CHUNG CHEMICALS SDN BHD(65638-P),Mr Tan Chin Huat,info@chungchemicals.com,60379877611,60379877398, http://www.chungchemicals.com
CKL MACHINERY (MALAYSIA) SDN BHD(293804-M),Mr. Chong Kok Leong,cklchem@pd.jaring.my,60380753940,60380754867, http://www.cklchem.com
CKS RUBBER INDUSTRIES SDN BHD(254833-K),Mr Lee Kin Woon,enquiry@cksrubber.com,6053232366,6053232278, http://www.cksrubber.com
CLARIANT (M) SDN BHD(38607-X),Mr. Cheng Sai Eng,chengsai_eng@clariant.com,60351012888,60351012881, http://www.clariant.com
CLEAN Q GRIP (M) SDN BHD(841312-V),Mr Selvapandian A/L Asiruatham,cqgselva@yahoo.com,60360572714,60360570905, http://www.cleanqgrip.com
COCO INDUSTRY SDN BHD(13318-X),Mr Andy Yeong Hee Chin,cocoind@cocoindustry.com,6043233688,6043313102, http://www.cocoindustry.com
COGNIS OLEOCHEMICALS (M) SDN BHD(17069-T),Mr. Shamsol Anuar, Mr. Azuddin Rahman,,,Fax: 603 7843 9945
COMFORT RUBBER GLOVES INDUSTRIES SDN BHD(260990-U),Ms Samantha Yee,samanthayee@comfort-rubber.com.my,6058472777/2888,6058479108, http://www.comfort-rubber.com.my
CONCEPT RUBBER PRODUCTS SDN BHD(45723-K),Mr Teoh Hun Lim,marketing@conceptrubber.com,6045511011,6045511041, http://www.conceptrubber.com
CONTINENTAL TYRE PJ MALAYSIA SDN BHD(53445-T),Mr Winson Khoo,winson.khoo-han-kee@conti.my,60377878860,60377825414, http://www.continental-tyres.com.my
CONTRACT LATEX DIPPERS SDN BHD(164677-K),Mr Mohan Ramalingam,mohan@mry.com.my,60362013773,60362011223, http://www.contractlatex.com
COOLTEC INDUSTRIES SDN BHD(405246 X),Mr. Lim Tian Ann,ellexlim@cooltecindustries.com,0361869969,0361866086, http://cooltecindustries.com/
COOLTEC MARKETING SDN BHD(570277-W),Mr Hing Joo Cheong,jching@cooltecindustries.com,0361869969,0361866086, www.cooltecindustries.com
CORDAGE INDUSTRIAL ROPE (M) SDN BHD(406321-K),Mr Sasikaran Nair a/l Baskaran,sales@cordage.com.my,066770344,066773344, www.cordage.com.my
COSMIC DISCOVERY SDN BHD(295650-P),Dr Chan Kah Khiong,main@cosmicdiscovery.com.my,60361578288,60361569053, http://www.cosmicdcvr.com
CRANBERRY (M) SDN BHD(104994-W),Ms Anrose Tan,anroset@cranberry.com.my,60351924802,60351920702, http://www.cranberryglobal.com
CRANBERRY INTERNATIONAL SDN BHD(1188484-X),Ms Wong Hui Fuen,hfwong@cranberry.com.my,0351914802,0351910702, www.cranberryglobal.com
CREATIVE RUBBER PRODUCTS SDN BHD(356899-H),Mr Eshen Lim,eshenlim@creativerubber.biz,6044840286,6044841733, http://www.creativerubber.biz
CROSS PROTECTION (M) SDN BHD(494288-D),Mr Chan Hoe Hock,alex@crossprotection.com,60333920000,60333920001, http://www.crossprotection.com
CSPL (MALAYSIA) SDN BHD(218458-X),Mr. Maurice Tan,cmsb1990@tm.net.my,60356350761,60356350762,-
CT RUBBER INDUSTRIES SDN BHD(179609),Mr Lee Chin Tong,lee@ctrubber.my,60332919551,60332918359,-
CWD RUBBER PRODUCTS SDN BHD(182098-A),Mr Lam King Yai,swanrub2@gmail.com,6055279778,6055260377, http://www.swanrubber.com.my
CY GLOVE (M) SDN BHD(744531-U),Ms Wong Soo Chan,scwong74@yahoo.com,6066013811,6066015297, http://www.cyglove.com
CY-HANDEE RUBBER MOULDINGS SDN BHD(204411-P),Ms Joyce CL Lee,marketing@cy-handee.com,6042296141,6042291336,-
DAIEI KOGYO (MALAYSIA) SDN BHD(192417-V),Mr Low Cee Sing,daiko@po.jaring.my,6063511650,6063511780,-
DIAMOND CHEMICAL INDUSTRIAL SDN BHD(49047-D),Mr. Siow Kian Kok,diachem@hotmail.com,6064810888,6064812387,-
DIAMOND GRIP (M) SDN BHD(477233-D),Ms Michelle Ma,michellema@rubbergloves.com.my,6055482723,6055482726, http://www.rubberex.com.my
DINGFENG PRECISION TECHNOLOGY SDN BHD(521400-M),Ms Lim Hooi Huan,malaysia@chiyih.com,044162710,044162776, http://www.chiyih.com
DIPPRO SDN BHD(183957-U),Ms Lily Lee,sales@dippro.com.my,6044249067,6044244208, http://www.dippro.com.my
DIPTECH INDUSTRIES SDN BHD(306016-P),Ms Oon Gaik Bee,gboon@diptech.com.my,6044223688,6044240941, www.diptech.com.my
DONGKUK TECHCO RUBBER INDUSTRIES SDN BHD(53585-P),Ms Chong EY,dongkuksales@dongkuktechco.com.my,6042610600/0706/0808,6042610999/2641988, http://www.dongkuktechco.com.my
DOSHIN RUBBER PRODUCTS (M) SDN BHD(114386-H),Mr Hing Lim,hinglim@kossan.com.my,60332905619/21/31,60332905642, http://www.doshinrubber.com
DREX-CHEM (M) SDN BHD(118850-K),Mr. Lee Ka Or,dcm@tm.net.my,60377817544,60377810553, http://www.drexchem.com.my
DS RUBBER PRODUCTS SDN BHD(442913-X),Mr Oh Teik Kam,dsrubberoh@yahoo.com.sg / sales@dsrubber.com.my,6053572739/2723,6053572743,-
DSP (M) SDN BHD(145007-H),Mr Tan Yow Wah,tanyw@dsp.com.my,60331763232,60331765223, https://www.dsp.com.my
DUNIA POLYMER EXTRUSION SDN BHD(98193-W),Ms Jenny Lee,inquiry@duniapolymer.com.my,60331663610,60331664610, http://www.duniapolymer.com.my
DURAMEDICAL SDN BHD(481909-U),Ms Siah Ming Lei / Ms Chong Fei Ming,mlsiah@topglove.com; fmchong@topglove.com,60333623098,60333623860, http://www.topglove.com
DURAMITT SDN BHD(514146-K),MsEzeline,seratan@2rabond.com,6044855388,6044851388, www.2rabond.com
DURASAFE SDN BHD(760681-U),Mr Danny Lee,dannylee@coolmaxenterprise.com,6045016111,6045016116, http://www.coolmaxenterprise.com
DYNACARE SDN BHD(202001020224 (1376544-A)),Mr Victor Choong,enquiry@dynacare.com.my,(603)20921858,(603)20922812, https://dynacare.com.my/
E & W RESOURCES SDN BHD(230128U),Mr Victor Chia,sales@chemical-resources.com,60358808777,60358808877,-
ECO MEDI GLOVE SDN BHD(815262-D),Ms Casey Khor,casey.khor@ecomediglove.com.my,6058912777,6058912999, http://ecomediglove.com.my/
ECOBEE SDN BHD(909363-K),Ms Saidah Yunos ,info@ecobee.com.my,0351914802,0351910702, www.ecobeeworld.com
ED & F MAN MALAYSIA SDN BHD(38200-P),Mr. Freddy Lee,rubberlatex@edfman.com.my,60320580188/0178/0173,60320580155/0122, http://www.safic-alcan.com.fr/
EDGE MEDITEK RESOURCES SDN BHD(1376773-M),Mr Darren Lim,darren.lim@edgegroup.asia,0327269965,, -
ELASTOMADE ACCESSORIES SDN BHD(188001-A),Ms Lena Lian,lena@elastomade.com,60356342982,60356334479, http://www.elastomade.com
ELTAN COMPANY SDN BHD(47057-P),Mr. Lam Chee Ngai / Mr. S.C. Fam,eltanco@po.jaring.my,60377288823,60377275487,-
EMBUN PERSONA SDN BHD(448922-T),Ms Jenny Fong,jenny@v-style.com.my,0387668822/0387660251,0387668833, http://www.v-style.com.my
ENCOMPASS INDUSTRIES SDN BHD(1160646-P),Mr. Wang Nicholas Wen-Lan,nickwang@encompass-medical.com,60183738267/0122266520,60364113575,-
ENGINEERING RUBBER TECHNIK SDN BHD(285186-T),Mr Tang Sai Keong,605 323 6388,6053236388,6053236388,-
EURO CHEMO-PHARMA SDN BHD(27975-H),Mr Tan Hooi Pheng,marketing@eurochemo.com,6043997337/3901941,6033997513, http://www.eurochemo.com
EUROLATEX SDN BHD(814841-D),Mr.Aaran ,deveneurolatex@gmail.com,044163889,, www.eurolatex.net
EUROMA RUBBER INDUSTRIES SDN BHD(159531-U),,,6044031612/13/14/0194583192,6044031267/2267,-
EURP (SARAWAK) SDN BHD(234701-V),Mr Wong Huang Ping,adrxavier@gmail.com,6082487006,6082338685,-
EVERSAFE RUBBER WORKS SDN BHD(60543-X),Mr Eu Hong Lim,euhonglim@eversafe.com.my,6052910599/7535/7536/0992,6052911699/0679, http://www.eversafe.com.my
EVERSHARP RUBBER INDUSTRIES SDN BHD(9283-T),Mr Chung Ying Chian,,6079471214/1215,6079472089,-
EVERTHROUGH RUBBER PRODUCTS SDN BHD(167407-A),Mr Poon Kook Kheiong,erp@everthrough.com,6052911133/1121/8116,6052913360, http://www.everthrough.com
EVERTS (MALAYSIA) SDN BHD(162791-P),Mr Matthew Marvin Busst,matthew.busst@everts.com.my,6062513800,6062513801, www.everts.com.my
EVO PERFORMANCE SDN BHD(1095189-K),Mr Eric Loke,eric@evoperformance.com.my,0356505151,0356505155, www.evoperformance.com.my
EXCELKOS SDN BHD(171476-H),Mr. Tan Li Pin,sales@excelkos.com,60378453533,60378453411/3511, http://www.excelkos.com
EXCLUSIVE CONTENTS SDN BHD(583852-T),Mr Ngo Chung Yuen,admin@ec.com.my; cyngo9008@yahoo.com,0333938900,0333939800, www.ec.com.my
EXELKOS SDN BHD(455327-V),Mr Andy Tan,andy.tan@excelkos.com,60378453533,60378453511, http://www.bfgoodrich.com
EXPRESS CHEMICAL SUPPLIES SDN BHD(178024-H),Mr Melvin Lim,expresschemical@cbc-express.com.my,60351220010,60351220020, http://www.connellbros.com/loc/malaysia
FAIRMONT POLYMERS (M) SDN BHD,Mr. Yong Soon Fatt,fpmsb@pd.jaring.my,60358806360,60358806370,-
FARBEN TECHNIQUE (M) SDN BHD(264745-W),Mr Seow Liang Yean,marketing@farbentechnique.com,6045828816,6045828817, http://www.farbentechnique.com
FELDA RUBBER INDUSTRIES SDN BHD(357896-U),En Zakaria Arshad,,60326881000/60326923033,60326926403, http://www.felda.net.my
FESTO SDN BHD(35696-D),Mr Johnny Ng,info_my@festo.com.my,60362728122,60362756412, http://www.festo.com.my
FIKRISZ (M) SDN BHD(781820-X),Ms Nurfarazuna Binti Mohd Fadrol Hishaini,farzfarel90@gmail.com,044304449,, http://www.fikriszglobal.com/
FILTA SAFETY (MALAYSIA) SDN BHD(1366828-T),Ms  Lee,filtasafety.msia@filta-safety.com,0380523351,0380900999, https://www.filtasafety.com.my/
FINN CHEMICALS SDN BHD(176784-D),Mr Yang CK,finnchem@tm.net.my,60351918881,60351922227, http://finnchem.com.my
FIRST GLOVE SDN BHD(202101000627 (1400925-P)),Ms Jennifer Jayalalitha Chandran,jennifer@firstglove.com,0123891644,,-
FLEXITECH SDN BHD(165532-M),Mr Leong Chew Mun / Ms Apple Lau,sales@topglove.com.my,60331491998,60331493008, http://www.topglove.com
FLEXOMATIC SDN BHD(642139-X),Ms Siah Guat Choon,sales@flexomatik.com,0333920812,0333924049, www.flexomatik.com
FOLIN TECHNOLOGIES (M) SDN BHD(161913-V),Mr. Wong Boon Sun,folintech@tm.net.my,60378744088,60378744498,-
FRIENDSHIP RUBBER INDUSTRY (M) SDN BHD(190657-H),Mr Hor Tai Lee,frimsb@vivatyre.com,60360574069,60360574070, http://www.vivatyre.com
FT HOSE & HOSE SDN BHD(989016-T),Jerry Ching,sales@fthose.com.my,6055268868/6055278868,6055278894, http://www.fthose.com.my
FUDEX RUBBER PRODUCTS (M) SDN BHD(52885-D),Ms Jesslyn Tai,jesslyn@fudex.com.my,6065292229,6065292323, https://www.fudex.com.my
FUNG KEONG RUBBER MANUFACTORY (M) SDN BHD(1011-W),Mr Ng Ching Eng,stevenng@fkr.com.my / steven.ngchingeng@gmail.com,60332911901/02/03/04/05/06,60332910177, http://www.fkr.com.my
FWK INDUSTRY SDN BHD(460085W),Ms. Hoe Pieh Cheng,pchoe@fwkindustry.com,044215032,044225861, www.fwkindustry.com
G.B. INDUSTRIES SDN. BHD.(166764-T),Ms Chan Po Lin,sales@gb-intl.com,60380238899,60380238877, http://www.gb-intl.com
GALLANT QUALITY SDN BHD(440237-T),Mr Steven Ng,stevenng@comfort-rubber.com.my,058472777/888,058479108, www.gallant-quality.com.my
GAMALITE INDUSTRY SDN BHD(322474-P),Ms Chew Ai Ree,airee@advanceelastics.com.my,6066779339,6066778339,-
GAR LET ENGINEERING SDN BHD(512546-D),Mr. Yip Kang Poh,garlet@pd.jaring.my,6052824101,6052824101,-
GBH PROCELAIN SDN BHD(169657-A),Mr. Periyayah,periyayah@gbhgroup.com.my,60362581055,60362577752, http://www.gbhgroup.com.my
GETAHINDUS (M) SDN BHD(49583-A),Mr Tan Lu Quan,tanluquan@getahindus.com.my,0122378613/0123183086,, http://www.getahindus.com.my
GETHA (1969) SDN BHD(9061-W),Ms Mandy Ong Ting Souw,mandy@getha.com.my,60387391990/0989,60387366551, http://www.getha.com.my
GETHA BEDDING (M) SDN BHD(248553-A),Ms Mandy Ong,mandy@getha.com.my,0129890163,, www.getha.com.my
GFM WORLD SDN BHD(1422068-H),Mr Yeong Kim Fei,info@gfmworld.net,0386017261/62/63,0386017101, www.gfmworld.net
GLOBECHEM SDN BHD(190422-W),Mr. David Lai,enquiry@globechem.co,60356347171,60356347102,-
GLOMAXES LATEX GLOVE MANUFACTURER SDN BHD(1102978-W),Ms Joanne Teo,joanne.teo@glomaxes.com,0331493603,,-
GLOVE RESOURCES SDN BHD(769201-X),Mr Alan Ku,ku@gloveresources.com,60395480077,60395499883, http://www.gloveresources.com
GLOVEMAS (M) SDN BHD(756576-X),Ms Michelle Liew,sales@glovemas.com,60162621297,, www.glovemas.com
GME CHEMICALS (M) SDN BHD,Mr Cheah Thiam Swee,tscheah@gmechemicals.com,60355691988,60355692988, http://www.gmechemicals.com
GMP MEDICARE SDN BHD(116271-X),Mr Leong Chew Mun / Ms Apple Lau,sales@topglove.com.my,60333921992/1905,60333921291, http://www.topglove.com
GMR TRADING (M) SDN BHD(467117-W),Mr Andrew Goh,gsemar@gmr.com.my,6044318993/8995,6044318996, n/a
GOOD RUBBER WORKS INDUSTRIES SDN BHD(100508-W),Mr Nicholas Lee,sales@goodrubber.com,6062631985,6062632835, http://www.goodrubber.com
GOODGLOVES INDUSTRIES SDN BHD(202001023331 (1379657-U)),Mr Ken Tan,khtan@goodgloves.com.my,(606)7818888,(606)7818880, https://goodgloves.com.my
GOODLIFE ELASTOMER (M) SDN BHD(69367-H),Mr Ong Chuan Yuan,cyong@goodlife.com.my,60378453733,60378457855, http://elastomer.goodlife.com.my
GOODNITE ENTERPRISE (M) SDN BHD(490294-H),Ms Ting Jin Hui ,export@goodnite.com.my,0105138441,, http://www.goodnite.com.my
GOODWAY RUBBER INDUSTRIES SDN BHD(147222-D),Mr Tai Qisheng,taiqisheng@giibworld.com,0355679986,0355693316, http://www.giibworld.com
GOSHTAR INDUSTRIES SDN BHD,LOH CHOON CHANG,,078610512,078619131,-
GREAT ECO GLOVE SDN BHD(970327-V),Datuk Dr. Neoh Vee Heng,drneoh.geg@gmail.com,60183654144,60378865199, www.greatecoglove.com.my
GREAT GLOVE SDN BHD(457953-D),Mr Leong Chew Mun,sales@topglove.com.my,60333928588,60333926788,-
GREEN HPSP (M) SDN BHD(309434-P),Mr Ong Kian Huat,info@natgreen.com.my,60378739166/9144/9145,60378739128,-
GREEN PROSPECT SDN BHD(567515-D),Laura Chong ,laura.chong@ytygroup.com.my,6056909300,6056909301, http://www.ytygroup.com.my
GRP SDN BHD(52323-A),Mr Ng Lam Hoe,nglamhoe@grp.com.my,60361577355,60361577323, http://www.grp.com.my
GTR CERAMICS SDN BHD(263513-T),Mr. James Tan,tanbhg@tm.net.my,60331677723,60331651652,-
GUMMI METALL TECHNIK (M) SDN BHD(51974-K),Mr Ong Kho Seng,ong@gmt.com.my,6057761742/44/46,6057765700, http://www.gmt.com.my
GUMMITECH INDUSTRIES SDN BHD(473161-W),Ms See Bee Geok,mkt@gummitech.com.my,0102085884,,-
GX CORPORATION SDN BHD(752821-X),Ms Peggy Chong,peggychong@smartgloveintl.com,60332916100/2988/8488,60332603326, https://smartglove.com.my/
H AND K RUBBER MANUFACTURING SDN BHD(202101041471 (1441771-T)),Mr Law Siez Hou,hnkrubind@gmail.com,0175581634,, handkrubber.com
HANDSKAR (M) SDN BHD(912330-K),Miss Fern Koay,handskargloves@gmail.com,0378655536,0378655536, http://www.handskar.com.my/
HARDYFLEX INDUSTRIES SDN BHD(176797-V),Mr Koo Tin Fook,,60361562020/154,60361561133, http://www.armstrong.net.my
HARTALEGA NGC SDN BHD(984586-P),Ms Neo Lee Ching ,neo.leeching@hartalega.com.my,0387073000,0332710135, www.hartalega.com.my
HARTALEGA SDN BHD(75398-K),Ms Neo Lee Ching ,neo.leeching@hartalega.com.my ,60362771733,60362802533, https://hartalega.com.my
HARVIK RUBBER INDUSTRIES SDN BHD(12096-P),Mr Keng Beng Keong,keng@harvik.com,6043907550,6043908570, http://www.harvik.com
HCM HYGENIC CORPORATION (MALAYSIA) SDN BHD(296104-P),Mr Cheong Swee Kim,cheongsk@hcm-hygenic.com.my,6053669188,6053668182, http://www.hygenic.com
HEAH SEOK YEONG REALTY SDN BHD,Mr. B.A. Lim,hsyr@streamyx.com,6042626431/32/2153,6042622702,-
HEALTH1ST SDN BHD(1414990-H),Ms Wong Jia Bao,health1stsdnbhd@gmail.com,,077719160, https://www.health1stglove.com.my/
HEAP HENG (SELAMA) RUBBER TRADING SDN BHD(45467-A),,,6058394805/4063,6058393955, n/a
HEBE RUBBER PRODUCTS SDN BHD(595021-K),Liz Chang,liz@heberubber.com,60196952988,60331676737, https://heberubber.com/
HENKEL SURFACE TECHNOLOGIES (MALAYSIA) SDN BHD(186302-M),Mr. Tan Hock Guan,yan-sin.lim@henkel.com,60361562323,60361568323, http://www.henkel.com
HEVEA MEDICAL SDN. BHD.  (480951-X),Mr Aaron Chiam,aaron.chiam@karex.com.my  ,60331656688,60331662000, www.karex.com.my
HEVEAPLAST (M) SDN BHD(119868-U),Ms Hoo,hoo@heveaplast.com.my,60331492713,60331491712, http://www.heveaplast.com.my
HEXAGEN TOWER SDN BHD(73575-A),Mr. Eric Chiang,htower@po.jaring.my,6045081137,6045081141, http://www.hexagonholdings.com
HIAP SENG TYRE SDN BHD(15367-A),Mr. Wong Kim Fook,info@hiapsengtyre.com.my,60389412627/60389422626,60389438869, http://www.hiapsengtyre.com.my/welcome/
HIBON CORPORATION SDN BHD(36572-V),Mr HB Cheng,hibon_operation@kossan.com.my,60332902878,60332912878, www.hibon.com.my
HIN GETAH (M) SDN BHD(190018-U),Mr Hiroshi Kaseda,hingetah.malaysia@gmail.com,60362761086,60362740489, http://hingetah.com
HL RUBBER INDUSTRIES SDN BHD(621188-H),Mr Lau Siong Huat,lsiongh@yahoo.com,6064811088,6064811068, http://www.hlrubber-ind.com/
HLN RUBBER INDUSTRIES SDN BHD(733100A),Mr Brandon Chia  / Ms Nur Hidayah Binti Shariff ,brandon.chia@hlntechnologies.com  / hri.cs@hlnrubber.net,072386743,072386784, https://www.hlntechnologies.com
HMF GLOVEMART SDN BHD(477800-V),Mr Ket Eeu Wee,ewket@hmf.com.my,6055421628,6055421625/26, http://www.hmf.com.my
HML AUTO INDUSTRIES SDN BHD(710467-H),Mr Teng Ming Ming,sales@hmlauto.com; export@hmlauto.com,60362012233/60362011323/60361432233/,60362011233, http://www.hmlauto.com
HOCK HIN (MUAR) RUBBER CO SDN BHD(96901000753 (9152-M)),Mr Khoo Kai Chun,admin@hockhinrub.com,069521121,069526196, n/a
HOKSON RUBBER TRADING SDN BHD(128368-T),Sia Chang Chien (Mervyn),mervynsia@gmail.com,6044844212,6044844007,-
HOLY RUBBER INDUSTRIES SDN BHD(356734-V),Ms Tan Siang Ying,holyrubber@gmail.com,60378459102/3,60378459105, http://www.holy-rubber.com
HONG SENG GLOVES SDN BHD(1378973-A),Ms Esther Khong,marketing@hongsenggloves.com,044211555,,-
HOWELLCARE INDUSTRIES SDN BHD(1313838-X),Ms Esther Khong,estherk@howellcareindustries.com,056213187,,-
HSB RECLAIMED RUBBER SDN BHD(627978X),Mr Teh Huan Seng,huanseng@hsbsb.com,6045011777,045076326, http://hsbsb.com/index.htm
HT CERAMICS (M) SDN BHD(290749-V),Mr. Chia Suie Chong,enquiry@htcm.com.my,60332907988,60332917988, http://www.htcm.com.my
HUBNER MALAYSIA SDN BHD(1071203U),Mr. Faizal Riza Rahman,faizal.rahman@hubner-malaysia.com,0331491869,0331491868, https://www.hubner-group.com/en/
HUNG SENG GLOVE SDN BHD(688081-M),Terence Foong,terencefoong@hungseng.biz,0195143037,052922969, http://www.hungseng.biz/
HUNG TA INSTRUMENT (M) SDN BHD(256852-H),Mr. Jackie Koh,hungta@streamyx.com,6067636031,6067637692,-
ICHIA RUBBER INDUSTRY (M) SDN BHD(178119-H),Ms Tan Hui Ling,hltan@ichia.com,6043903900,6043902951, http://www.ichia.com
ICONIC MEDICARE SDN BHD(223748-A (199101013436)),Mr. Danny Ong ,danny@iconicmedicare.com,6043839966/6045040588,6043831355/6045041599, www.iconicmedicare.com
IDEAL QUALITY SDN BHD(404964-P),Ms Angeline Ang,angieang@kossan.com.my,0333960311,0333960314, www.kossan.com.my
INCLINE DYNAMICS SDN BHD(471082-H),Mr Edward Yeap Hock Swee,edward@inclinedynamics.com,043998677,043999676,-
INFLUX SYNERGY SDN BHD(484420-X),Mr Khor Eng Wah,ew_khor@influxsynergy.com.my,6043973606,6043972378, https://influxsynergy.com.my
INNOLATEX SDN BHD(500319-M),Ms Winnie Wong,winnie.inno@karex.com.my,60331680702,60331678070, http://www.innoltx.com
INSULFLEX CORPORATION SDN BHD(743287-M),Ms Law Lily,lilylaw@insulflex.my,0389257197/0389257198,0389851012/0389257776, www.insulflex.com.my
INTERCONTINENTAL MEDICARE SDN BHD(1409008-A),Mr Narendran,s.naren379@gmail.com,043054922,,-
INTERNATIONAL FOOTWEAR (PENANG) SDN BHD(10470-W),Ms Ang Lay Seong,sshih@srw-msia.com,6042629421,6042627534, http://www.pallas.com.my
IOI COMMODITY TRADING SDN BHD,-,,60380752288,60380754005,-
ISOFIELD SDN BHD(1348338-A (201901039008)),Ms Dharshviny Sasidharan,dharshviny.sasidharan@isofield.com,0123056895,, www.isofield.com
IVORY GLOVE SDN BHD(1369703-K),Ms Elia Mastura Binti Kamaruddin,elia@ivoryglovesdnbhd.com,058913502,, http://ivoryglovesdnbhd.com/
J T ELASTOMER (M) SDN BHD(492884-M),Mr Chin Mang Foo,mdchin@jtelastomer.com,6075206866/6867,6075206870, http://www.jtelastomer.com
JAMIS SDN BHD(154723-A),Mr. Teo Lin Meng,enquiry@jamis.com.my,60378035330,60378039360, http://www.jamis.com.my
JAPAN CHEMICALS (MALAYSIA) SDN BHD(234157-X),Mr Mohammad Masud,samim@japanchemical.com.my,60355101295,60355106841, www.japanchemical.com.my
JEB AUTO SDN BHD(570001-M),Mr Yei Cheah Tick,alvin@jebco.com.my,60361578282,60361577323, http://www.jebauto.com/
JENG YUAN RECLAIMED RUBBER SDN BHD(170163-P),Ms Lee Yin Sun,kgng@jeng-yuan.com,60331762602,60331761045, http://www.jeng-yuan.com
JJ-DEGUSA CHEMICALS (M) SDN BHD(164235-M),Mr.Eric Ng Yook Thong,harry_kok@jjsesa.com,60378616788,60378616799, http://www.chemicals.jjsea.com
JOLEDA SDN BHD(1389717-M),Ms Leong Bao Yueh,director@joledaglove.com,0389582225,, www.joledaglove.com
JR ENGINEERING AND MEDICAL TECHNOLOGIES (M) SDN BHD(549862-H),Mr Ganesan a/l Subramaniam,director@jrmedical.my ,60360572081,60360572181, http://www.jr-medical.com
K-FLEX MALAYSIA SDN BHD(748619-H),Mr Jason Ong,jasonong@kflex.com.my,60351627899,60351623799, https://www.kflex.com.my  &  https://corporate.kflex.com/
KAI SIK TOWA RUBBER PRODUCTS SDN BHD(105284-T),Mr Yasushi Okuno,kaisiktowa@towaco.com.my,6043905761/5762,6043908100,-
KAREX INDUSTRIES SDN BHD(170363-X),Mr Aaron Chiam,aaron.chiam@karex.com.my  ,60331656688/9393,60331662000, http://www.karex.com.my
KATRIL OXIDE(M) SDN BHD(274961-P),Mr. S. Segar,,6074102003,6074101993,-
KAYEL RETREADS SDN BHD(10753-P),Mr. Chen Jet How,KAYEL@kayel.po.my,6043908753/7568/2886,6043902881, http://www.kayelrubber.com/
KAYEL RUBBER PRODUCTS SDN BHD(156405-V),Mr Sin Yoong Leong,sinyl@kayelrubber.com,6043908753,6043902881, http://www.kayelrubber.com/
KC MARKETING & ENGINEERING SERVICES SDN BHD(325803-X),Mr. Steven Chong,kcengin@po.jaring.my,60380617768,60380617833, http://www.kcengineering.com.my
KDI INDUSTRIES SDN BHD(558982-H),Mr Ken Lai,marketing@kdiballoon.com,60389611100,60389616100, http://www.kdiballoon.com
KEE FATT INDUSTRIES SDN BHD(12823-V),Mr Tay Chao Zhong,chaozhong@keefatt.com,6076612888,6076612999, http://www.keefatt.com
KENG LEK ENGINEERING SDN BHD(139026-P),Mr. Chen Wi Kiong,kenglek@kenglek.com,60387668191,60387667191, http://www.kenglek.com
KENINGAU SMI SDN BHD,-,,087331298/66,087333988,-
KENNWU MANUFACTURING (M) SDN BHD(917820-W),Mr Welwin Soo,welwin@kennwu.com,6078632636/60167133236(Welwin),6078636936, http://kennwu.com
KIAN LEE SMR FACTORY SDN BHD,Mr Tan Boon Cheng,klsmr.factory@gmail.com,6079441204,079441930, n/a
KIMBERLY-CLARK TRADING (M) SDN BHD(34923-A),Ms Yeoh Sung Sung,sungsung.yeoh@kcc.com,60378068288,, http://www.kimberly-clark.com
KINGSHORE MANUFACTURING SDN BHD(230625-T),Mr A Y Lim,klsales@kingsafetywear.com,60362528787,60362531611, http://www.kingshoe.com.sg
KINTA CASTERS SDN BHD(19197-X),Mr Ho Kim Hoong,kamf200@yahoo.com,6055332382,6055331411,-
KINTA RUBBER WORKS SDN BHD(2944-P),Mr Yeoh Lam Ewe,lameweyeoh@kintarubber.com,6055476712,6055476710, http://www.kintarubber.com
KL-KEPONG RUBBER PRODUCTS SDN BHD(96464-V),Ms Nicole Chin,nicole.chin@klkrp.com.my / info@klkrp.com.my,055417337/055415173,055415148/055412794, www.klkrp.com.my
KMK RUBBER MANUFACTURING SDN BHD(515727-H),Ms Fenny,fenny@kmk.com.my,60387231118,60387230882, http://www.kmkrubber.com.my
KONTI - ISS SDN BHD(190371-X),Mr H J Heyer,sales@konti.net,60378464634,60378464684, http://www.konti.net
KOON SENG SDN BHD(107051-H),Ms Alice Tan,alice@koonseng.com,60377331388,60377336499, http://www.koonseng.com
KOSSAN INDUSTRIES SDN BHD(1140868-T),Ms. Patsy Kuan,patsy.export@kossan.com.my,0332912657,0332912903, www.kossan.com.my
KOSSAN INTERNATIONAL SDN BHD(273178-M),Ms Angeline Ang,angieang@kossan.com.my,0332912657,0332910584, http://www.kossan.com.my
KOSSAN JAPAN ROLLERS SDN BHD(175854-X),Mr Lim Seow Kiang,sklim@chemtube.com,0332902988,0332913594,-
KOSSAN LATEX INDUSTRIES (M) SDN BHD(169832-K),Mr KK Heng,mcheng@kossan.com.my,60333923088,60332910584, http://www.kossan.com.my
KOTA TRADING CO SDN BHD(1564-D),Mr Wong Chee Kong,kotadr33@tm.net.my,064381051,064381885,-
KOZATO KIZAI (M) SDN BHD(185594-U),Mr Ng Kah Hing,ngkh@kozato.com.my,60351014888,60351912292, http://www.kozato.co.jp
KSG MEDICARE SDN BHD(1266665-X),Ms Alice Tan,alice@koonseng.com,0377331388,, www.koonseng.com
KUALA PILAH RUBBER FACTORY SDN BHD,,,6064815381/4815382/7679/2168,6064815388, n/a
LIM LIANG KEE SDN BHD,-,,6082864248,6082863389,-
LIM TECK LEE (M) SDN BHD(4886-P),Mr. Kevin Ho Choo Ping,tllimx@po.jaring.my,60322820832,60322833753,-
LIN HO (M) SDN BHD(13321-X),Mr. Yap Khoon Wah,lhsb@po.jaring.my,60320788500,60320702242,-
LINACHEM SDN BHD(199885-D),Mr. Richard Loo,ungth@tm.net.my,60361882422,60361881849,-
LINATEX RUBBER PRODUCTS SDN BHD(170755-U),Mr Raja Sellamuthu ,raja.sellamuthu@mail.weir,60362552137/0183790124,60362507621, http://www.weirminerals.com
LOKIT POLYMER SDN BHD(1298281-D),Ms Mak Ngan Mian,sales@lokitjb.com.my,6074589966,6075955008, www.lokit.com.sg
LONGCANE INDUSTRIES SDN BHD(357944-W),Mr Hozen Lim,hozen@longcane.com.my,6045521188,6045521182, http://www.longcane.com.my
LOYTAPE INDUSTRIES SDN BHD(122768-U),Ms Ong Peck Yew,pyong@loytape-marketing.com.my,0392008199,0392007990, http://www.loytape.com.my
LSK MATTRESSWORLD SDN BHD(365909-H),Ms Ratnadewi Bahwandi,ratna@lsk.com.my,60333924488,60333925588, www.lsk.com.my
LSK NAPURE LATEX SDN BHD(83823-X),Ms Ratnadewi Bahwandi,ratna@lsk.com.my,0333924488,0333925588, http://www.napure.com
LUXCHEM TRADING SDN BHD(123409-M),Mr Ng Chai Teik,ct_ng@luxchem.com.my,60377282155,60377282806, http://www.luxchem.com.my
LYFEMED MEDICARE (M) SDN BHD(202101016651 (1416951-H)),Ms Shaline Muthu,admin@mylyfemed.com,60326023323,, www.mylyfemed.com
M ONE RUBBER SDN BHD(987349K),Mr Huang Kian Kok,huangkiankok@yahoo.com,0332917882,0332917882,-
M-POL PRECISION PRODUCTS SDN BHD(053242-U),Mr Amir Nuddin Bin Babadin,amir.babadin@mardec.com.my,6046448055/7055,6046449102, http://www.mardec.com.my
MACHWOLK SDN BHD(32257-D),Mr. Mah Yin Kong,machq@ppp.nasionet.net,60378030378,60378030405, http://www.jaring.my/cte/machwolk
MAH SING HEALTHCARE SDN BHD(199501029637 (358843-A)),Mr Jeffery Ng,jeffery.ng@mshealthcare.com,0333962288,0333962299, https://www.mshealthcare.com/
MAIDAMAX (M) SDN BHD(231443-V),Mr Saw Khai Hoong,khsaw@maidamax.com,6044414644/6044414648,6044414649, http://www.maidamax.com
MAKA ENGINEERING SDN BHD(775376-D),Mr Ken Wong ,enquiry@maka.com.my,60331652212,60331653212, http://www.maka.com.my
MALAYA ACID WORKS(FORMIC) SDN BHD(004483-P),Mr.Cheong Weng Foo,mail@macid.com.my,60378760144,60378750022, http://www.macid.com.my
MALAYSIA AUTO PRODUCTS SDN BHD(17167-P),Mr Siew Hoong Kee,malaysia.auto.products@gmail.com,60362586995,60362510061, http://www.map-rubber.com
MALAYSIAN CONSORTIUM OF RUBBER PRODUCTS SDN BHD (MALCORP)(537704-U),Mr. Chin Hon Meng,sales@malcorp.net,60(3)27102366,60(3)27102366, http://www.malcorp.net
MALLINCKRODT BAKER SDN BHD(32257-W),Mr. Khoo Boon Hing,machq@ppp.nasionet.net,60378030378,60378030405, http://www.jtbaker.com
MAPA GLOVES SDN BHD(174229-M),Mr Lim Kim Hock,Kim-Hock.Lim@newellco.com,6055261199,6055261194,-
MAPA SPONTEX TRADING SDN BHD(459507-V),Mr Ramadas Sankaran,ramadas.sankaran@mapa.com.my,6055261199/1121,6055261194,-
MARCON RUBBER INDUSTRY SDN BHD(171564-K),Mr Joseph Philomin a/l Mariadass,marcon.mkt@gmail.com,6065563186/7/9,6065563188,-
MARDEC INDUSTRIAL LATEX SDN BHD((144876-T)),,,60342530253,, n/a
MARDEC PROCESSING SDN BHD(499486-U),,,60340210253,, http://www.mardec.com.my
MARUTECH ELASTOMER INDUSTRIES SDN BHD(318201-P),Mr Lee Chen Yeang,cy.lee@zebcycle.com,60331765093/4,60331765072, http://www.zebcycle.com
MATANG MANUFACTURING SDN BHD(172443-V),Mr Nicholas Leong,nicholasleong@tekmedicgloves.com,60377298899,60377275785,-
MAUS INDUSTRIES SDN BHD(583648-d),Ms Tan Yuen Yee,tanyy@getha.com.my,0387341495,0387372270, www.maus.com.my
MAXI SUPPORT SDN BHD(271527-M),Mr Chew Sing Hoong,pchew@duramitt.com,6042277372,6042272052, http://www.duramitt.com.my
MAXRUBBER INDUSTRIES SDN BHD(177430-W),Mr Liew Choon Kong,mktg@maxrubber.com.my,60332917000/6990,60332912805/5888, http://www.maxrubber.com.my
MAXSILIN LATEX (M) SDN BHD(977188-X),Ms Helyn Choy CF,maxsilinlatex@gmail.com,60332905211,60333447711, http://www.maxsilinlatex.com
MAXSILIN PRODUCTS SDN BHD(876027-V),Ms Lee Chia Ling,info@maxsilin.com,0333440011/60177741447/60176969936,0333447711, http://www.maxsilin.com
MAXTER GLOVE MANUFACTURING SDN BHD(229862-H),Mr Denis Low,denis.low@maxter.com.my,60333929888,60333923328, http://www.supergloves.com
MAXWELL GLOVE MANUFACTURING BHD(99472-X),Mr Denis Low,denis.low@supermax.com.my,6058913200,6058912300,-
MECOMB MALAYSIA SDN BHD(5427-T),Mr SA Ng,enquiry.mecomb@simedarby.com,60378743422,60376250868, http://www.mecomb.com
MEDICAL RUBBER PRODUCTS SDN BHD(197547-W),Mr Cheah BH / Ms Elaine Tan,sales@medical-rubber.com / elaine.mrpsales@gmail.com,6044581223/3225,6044589223, http://www.medical-rubber.com.my
MEDICAL-LATEX (DUA) SDN BHD(163948-K),Ms Amy Goh,amy@karex.com.my,6075978100,6075991316, www.karex.com.my
MEDIPLY SDN BHD(1291028-H),Ms Ong Bee Ling,beeling@mediply.com.my,60122794938,, https://mediply.com.my
MEDIQUIP SDN BHD(59184-K),Encik Azlan Bin Abdul Rahman,azlan.abdulrahman@medtronic.com,6049381411,6049382150, http://www.covidien.com
MEDITECH GLOVES SDN BHD(580515-T),Dr. Effendi Tenang,effendi.tenang@gmail.com,6067997742,6067997749, www.meditechgloves.com
MEDTEXX MANUFACTURING SDN BHD(0050880A),Ms Phun Mei Ling,phunml@semperitgroup.com,058915555,058911688,-
MEDZ SOUTHEAST ASIA SDN BHD(1233925-X),Ms Cindy So,cindy@medz-sea.com,60386014909/4910,,-
MEGINE INDUSTRIES SDN BHD(1222932V),Ms Maznie,support@meginegroup.com.my,60328566180,, www.meginegroup.com.my
MEIER-TECH SDN BHD(592589D),Ms Jessie Chan,sales@meier-tech.com,0351038963,0351039023, www.meiertechrubber.com
MELAKA TONG BEE SDN BHD(7578-H),-,mtbsb@tm.net.my,062823344,062839966,-
METACORP INDUSTRIES SDN BHD(344511-M),Mr.Charlie Lim,metaisb@pd.jaring.my,6067991700,6067991711,-
METEX GLOVES INTERNATIONAL SDN BHD(1445234-P),Mr Jack / Mr  Jo,support@metexGloves.com,60122013456(MrJack)/60122013456(MrJo),0389400209, http://metexgloves.com/
METOXIDE MALAYSIA SDN BHD(17563-X),Mr.Pung Choon Song,,6043997280,6043997279,-
MEY CHERN CHEMICALS SDN BHD(150680-X),Mr.Ivan Poon,meychern@tm.net.my,60356356328,60356356322,-
MICROCLEAN TECH RUBBER (M) SDN BHD(612447-K),Ms Lavanyaa,admin@microclean.com.my,60331765166,60331765957, http://www.microclean.com.my
MIN INDUSTRIES SDN BHD(282041-A),Mr Loo Soon Wah,loo_soonwah@yahoo.com,60387667207,60387667887, http://www.minindustries.com.my
MING HUAT INDUSTRIES SDN BHD(117426-V),Mr Tay Tzu Hwa,taytzuhwa@gmail.com,6089668833,6089660999,-
MIROAD RUBBER INDUSTRIES SDN BHD(629141-D),Ms Ng Xiao Qian,sales@miroadrubber.com,6075990699,6075988699, http://www.miroadrubber.com
MOLNLYCKE HEALTH CARE SDN BHD(166745-M),Mr. Lee Hoe Seong,HoeSeong.Lee@Molnlycke.com,6044891819,6044891814, http://www.molnlycke.com
MS INSTRUMENTS SDN BHD(214650-M),Mr HS Yap,sales@msisb.com,60380241615,60380241617, http://www.msisb.com
MS WORLDWIDE SDN BHD(360648-W),Mr Mervin Pang,mervinp@msworldw.com,60355133708,60355133712, http://www.msworldw.com
MSL RUBBER INDUSTRIES SDN BHD(153739-X),Ms Monica Yong,sales@mslrubber.com,60351213033,60351213085, http://www.mslrubber.com
MULTISAFE SDN BHD(236507-X),Mr Thum Teck Lam,tlthum@multisafe.com.my,6054348269/70,6054348266, www.multisafe.com.my
NAKAGAWA RUBBER INDUSTRIES SDN BHD(204564-U),Mr Ackson Tan Aik Soon,ackson@nakagawa.com.my,60351214320,60351225800, http://www.nakagawa.com.my
NAM BEE RUBBER WORKS SDN BHD(8042-K),Mr Tan Chin Han,enquiry@nambee.com,60331762888/2298,60331762468, http://www.nambee.com
NANSIN (MALAYSIA) SDN BHD(200922-V),Mr Ravendran Thuraisamy,nsgm@nansin.com,6045075004/5,6045075006, http://www.nansin.com
NASTAH INDUSTRIES SDN BHD(164985-K),Mr Alan Wong,sales@nastah.com.my,6043840393,6043999005, https://nastah.com.my/
NATURAL RUBBER FOAM INDUSTRIES SDN BHD(182786-X),Mr Wong Wee Hong,nrfi2002@yahoo.com,60342917811,60342918429, http://nrfigroup.com/
NEW EDGE CORPORATION SDN BHD(530830-T),Mr Andy Wong,andy@newedgecorp.com,0378458799,0378459799, http://www.newedgecorp.com
NEW ENGINEERING SDN BHD(023502-D),Dr Chan Yun Keong,ne@flexofom.com,60390740521,60390740531,-
NG BENG TEE SDN BHD(22065-T),Mr Kris Ng,nbt@po.jaring.my,60377294600,60377294605,-
NGEE MING SHOE MANUFACTURERS SDN BHD(69688-M),Mr Fong Lai Heong,enquiry@oscarsafetyshoes.com,60389486397/11,60389486064, http://www.oscarsafetyshoes.com
NICHIAS FGS SDN BHD(203309-H),Ms Suzan Kang Fang Moi,suzan@nichias.com.my,6049173760,6049175964, http://www.nichias.co.jp/
NINOMI SHOJI COMPANY SDN BHD(170808-A),Mr. Wong Tak Ming,ninomi@tm.net.my,6055471113/111,6055476189,-
NIPPON WIPER BLADE (M) SDN BHD(334200-K),Mr Ho Soon Chye,info01@nwb.co.jp,6066783171,6066783263, http://www.nwb.co.jp
NITRITEX (M) SDN BHD(546802-H),Ms. Joanne Ranee Kasinathan,malaysia@ansell.com,60355693857,60355693862, www.ansell.com
NOVATEX PRODUCT SDN BHD(1456844-V),Eddy ,sales@novatex.one,603603452287,, https://novatex.one
NOVO NORDISK BIOINDUSTRIAL (MALAYSIA) SDN BHD(446971-A),Mr.Heng Kai Chuang,,6032303267,6032380943,-
NRS GLOBAL PARTNERS SDN BHD(637819-V),Ms Ching Get Yong,chingy@nrsgp.com,60390563881/4881/60192332409,60390565881, http://www.nrsgp.com
NS UNI-GLOVES SDN BHD(104031-V),Mr Lee Jun Yih,junyih.lee@ughcc.com,6066772751/2,6066772755, http://www.unigloves.com.my
NSR RUBBER PROTECTIVE SDN BHD(580859-V),Mr Jimmy Ong,jimmy@nsr-rubber.com,6044414528,6044414598, http://www.nsr-rubber.com
NT RUBBER-SEALS SDN BHD(347671-T),Mr Saw Hock See Ong,saw@ntrubber.com.my,6049161822,6049161823,-
NULATEX SDN BHD(110871-M),Ms Cheah Yoke Sim,info@nulatex.com,60377241618,60377241619, www.nulatex.com
NUPON TECHNOLOGY SDN BHD(496675-M),Mr Fung Hwa Yoong,hwayoong.fung@gmail.com,6046452833/6461253,6046460833, http://www.nuponcorp.com
OKAYASU RUBBER (M) SDN BHD(320593-A),Mr Michinaga Okeya,okeya@okayasu-rubber.co.jp; orm@okayasu-rubber.co.jp,60378438778,60378438878,-
OLYMPIC RETREADS (MALAYSIA) SDN BHD(15519-T),Cheah Siang Gim,gim_cheah@hotmail.com,,, http://www.olympicretreads.com.my
OMNI STAR (M) SDN BHD(848928-M),Mr PS Lim,info@omnistar.com.my,044253888,044251888, http://www.omnistar.com.my
OMYA MALAYSIA SDN BHD(190278-D),Mr. Simon Fong / Mr. Jerry Doyou,,60351915205,60351915201,-
ONETEXX SDN BHD(399028-W),Wes Wong,weswong@oneglovegroup.com,058913333,058919333, https://www.oneglovegroup.com/
OON CORP RESOURCES (M) SDN BHD(134976-H),Mr KH Oon,kh@ooncorp.com,6066780833,6066779620/6780688, https://ooncorp.com
ORIENTAL POLYMERS (M) SDN BHD(198874-X),Mr YK Teng,taiwaneagle@hotmail.com; luoying12186@hotmail.com,6045823351/45/48,6045823352,-
P SHIFT TECHNOLOGIES SDN BHD(275302-A),Mr. Richard Lawn,riawn@pop3.jaring.my,6063846536,6063846534,-
PASTEL GLOVE SDN BHD(1386501-X),Mr Ng Chun Chiat,ngcc@pastelglove.com,053227000,,-
PEN GLOVE (M) SDN BHD(370350-M),Mr Jack Tan,tan@penglove.com,60362757618/26,60362758619, http://www.penglove.com/
PENTAVEST HOLDINGS SDN BHD(120726-W),Mr Teng Boon Joo,info@pentavest.com.my,063516899,063352151, www.pentavest.com.my
PERFORMANCE ADDITIVES SDN BHD(456706-D),Mr. Michael E. Wolers,peradd@tm.net.my,60380263348,60380263444, http://www.performanceadditives.com
PERUSAHAAN GETAH AMAL SDN BHD(194950-P),Mr Jack Wong,jack@amalrubber.com,60361566218,60361566069, www.amalrubber.com 
PERUSAHAAN GETAH ASAS SDN BHD(89708-V),Ms Lim Fui Yiing,fylim@kossan.com.my,60333923013,60332910584, http://www.kossan.com.my
PG BUME TECHNOLOGIES SDN BHD(512693-A),Mr Teoh Chin Hee,marketing@pgbume.com.my,6045737897,6045737898, http://pgbume.com.my/aboutus/
PHARMANIAGA LOGISTICS SDN BHD(260790-T),Mr Mohd Lufti Osman Haron,lufti@pharmaniaga.com ,60123157403/60333429999,60333445632, http://www.pharmaniaga.com
PLATINUM GLOVE INDUSTRIES SDN BHD(661291-W),Ms Peggy Chong,peggychong@smartgloveintl.com,0332916100,,-
PLEASURE LATEX PRODUCTS SDN BHD(402137-W),Ms See Bee Geok ,bgsee@plplatex.com,60332500377,6033250306869, http://www.plp.com.my
POLY AGENCY SDN BHD(33201-W),Mr.Tan Eu Lee,,60377288823,60377275487,-
POLY RUBBER PRODUCTS INDUSTRIAL SDN BHD(72663-K),Mr Ong Beng Lai,polyrubberproducts@gmail.com,60389573893,60389484893,-
POLYDAMIC HOLDINGS SDN BHD(377309-D),Mr. Jacky Tan,polydamic@polydamic.com.my,6055280878,6055280898, http://www.polydamic.com.my
POLYMAC INDUSTRIES SDN BHD(550390-V),Mr Moo Sit Kong,polymac.industries@gmail.com,60387244093,60387244094,-
PONG CODAN RUBBER (M) SDN BHD(171236-T),Mr Kenny Tan,exporthod@pongcodan.com,60360915248,60360915253, http://www.pongcodan.com
POTENSI TERUS INDUSTRIES SDN BHD,FAN KONG THIAM,,044891211,044891575,-
PREMIER OUTLOOK SDN BHD(523586-X),Mr G Pakkianathan,gpakkias@premiergloves.com,60379874011,60379874022, http://www.premiergloves.com
PREMIER POLYMER SDN BHD(213632-T),Mr Mohd Rohdzi Mohamad Noor,rohdzi@polymer.com.my,6047302609,6047302961, http://www.aliransekutu.com
PRIMA GLOVES SDN BHD(202001019639 (1375959-P)),Mr Terence Foong,primaglovessb@gmail.com,0193716310,052922969, n/a
PRIMA INTER-CHEM SDN BHD(117521-W),Mr. Freddy Lim,general@primainterchem.com,60357406060,60357406061,-
PRINCIPAL WIN (M) SDN BHD(212598-V),Ms Megan Ng Mook Chen,meganng@principalwin.com,60142073614,6045936884, http://www.principalwin.com
PRO-TEC MARKETING SDN BHD(605078-V),Ms Michelle Chau,michelle@protecmy.com,0105678606,60377340222, http://www.protec-corp.com
PRO-TEC WIRE INDUSTRIES SDN BHD(626640-W),Mr Dennis Tan,dennis@protec-corp.com,60378458995,60378457995, http://www.protec-corp.com
PROFESSIONAL LATEX SDN BHD(1038089A),Mr Kok Yoon Lim,ylkok@professionallatex.com,6058911417,6058911417, http://www.professionallatex.com
PROFOUND RUBBER INDUSTRIES SDN BHD(437342-W),Ms Nor Azah Shamsudin,profoundrubber@gmail.com,6045083196,6045073275, http://www.profoundrubber.com.my
PURITEX MANUFACTURER (M) SDN BHD(936034-D),Ms Joanne Liew,joanne@puritex.com.my,60.3.8066.4499,60.3.8052.4411, http://www.puritex.com.my
PURNABINA SDN BHD(116052-D),Mr Aaron Lam / Mr Simon Shih,aaronlam@topglove.com / chshih@topglove.com,6077879128,6077879161, http://www.adventa-health.com
PYROPE INDUSTRIES SDN BHD(344682-D),Mr L.J. Koh,koh@pyrope.com.my,0333923698/1716,0333925698, http://www.pyrope.com.my
Q-FLEX INDUSTRIES (M) SDN BHD(280826-M),Mr Lee Soo Kin,sklee@q-flex.com.my,6053226368/8268,6053223323, http://www.q-flex.com.my
QUALITY LATEX PRODUCTS MALAYSIA SDN BHD(59087-U),Ms Carol Chong,carolcwf@gmail.com,6055277228/7889,6055277868, http://www.quality-latex.com
QUALITY PROFILE SDN BHD(0362868-K),Mr Lim Sau Hing,hinglim@kossan.com.my,0332905619,0332905642, www.doshinrubber.com
QUBE MEDICAL PRODUCTS SDN BHD(827379-P),Mr Teo Yin Hao,yin.hao@qube.com.my,60360345857,60360345859, http://www.qubemedic.com
RAY BELL ENGINEERING SDN BHD(812367-T),Mr Darren Teo,Darren@raybell.com.my / Darren0516@me.com,0361579720/60173354049,0361579355, http://www.raybell.com.my/
RCM GLOVE SDN BHD(202101000528),Ms Jovie Liew,jovie@safechoiceglove.com,0173276361,, https://rcmglove.com/
REVERTEX (MALAYSIA) SDN BHD(13437-V),Ms Leong Wei Yuen  ,info.asia@synthomer.com,60320807200,60320807300, http://www.synthomer.com
RICHTER HI-TECH SDN BHD(291949-D),Mr Klaus Uwe Walter Richter / Ms Sharifah,klaus@richterhi-tech.com,6044161668,6044161667, http://richterhi-tech.com
RICHTER RUBBER TECHNOLOGY SDN BHD(280506-T),Mr Fabian Knauthe,fabian@myrrt.de ; richter@myrrt.de ,6044161668/1669/3389/3390,6044161667, http://www.richterrubber.com
RICS SDN BHD(383831-T),Mdm Chan Lee Khim,khim@rics.com.my,60332910388,60332919688, http://www.rics.com.my
RIECKERMANN (MALAYSIA) SDN BHD(20869-U),Mr. Steven Yap,rikamann@tm.net.my,60374920333,60374920330,-
RIMBA GLOVE SDN BHD(1312153-H),Ms Samantha San,samanthasaw@rimbaglove.com.my,055481688,, www.rimbaglove.com.my
RIVERSTONE RESOURCES SDN BHD(229842-A),Mr Lee Keat Leong,kllee@riverstone.com.my,60360283033,60360283022, http://www.riverstone.com.my
RONG HUA SHOE INDUSTRIES SDN BHD(174328-H),Ms Jo Ching,veno@veno.com.my,6052813844,6052811268, http://www.veno.com.my
RP GLOBALINK (M) SDN BHD(462169-H),Mr Ramesh Palaniyandy,rpglobalink@gmail.com,60356216122/0124758182,,-
RUBBER LEISURE PRODUCTS SDN BHD(212213-U),Ms Tan Siok Peng,tansp@rubber-leisure-products.com,6062632623,6062634898, http://www.rubber-leisure-products.com/
RUBBERCARE PROTECTION PRODUCTS SDN BHD(169997-P),Ms Christine Yew,christine.yew@careplus.com,6066772781,6066772780, http://www.rubbercare.com.my
RUBBEREX (M) SDN BHD(81107-V),Mr Soo Zhi Wen  ,zhiwen.soo@rubberex-alliance.com.my,6055484962/60125633234,6055482726, http://www.rubberex.com.my
RUBBERFLEX SDN BHD(134208-U),Mr Kristopa Watt,info@rubberflex.com.my,60320720011,60320785103, http://www.rubberflex.com.my
RUBBERPLAS SDN BHD(75866-X),Mr. Paul Chan Soon Hwa,,60390740521,60390740531,-
RUBCHEM SDN BHD(438719-U),Mr Nazly Tan Abdullah,fshum@tm.net.my,60378063691/92,60378038864,-
RUBPLAST SDN BHD(160864-M),Mr Muniandy Chellamuthu (Andy),andy@rubplastmalaysia.net,60326941028/6217,60326940028, http://www.rubplastmalaysia.net
RYCO HYDRAULICS SDN BHD(594457-P),Ms Noor Veen,noorveen.ng@ryco.com.my,6044152500,6044160627, http://www.ryco.com.au
SAFETY ZONE RESOURCES SDN BHD(1400036-D),Mr Wilson Phang,safetyzonemalaysia@gmail.com,60378770764,60378770742, http://www.safety-zone.com/
SAFETYKING INDUSTRIAL FOOTWEAR (M) SDN BHD(281516-U),Mr Yap Weng Sing,sales@safetyking.com.my,60332914362/43,60332914330, http://www.safetyking.com.my
SAFETYWARE SDN BHD(632971-X),Ms. Shirley Ng,shirley@safetyware.com.my,6045023882,6045081882, http://www.safetyware.com
SAGAMI MANUFACTURERS SDN BHD(9348-X),Mr Chooy Boon Hoong,chooy@sagami-mf.com,6053669018/19,6053669020, http://www.sagami-gomu.co.jp/en/
SAIKO RUBBER (M) SDN BHD(205991-V),Mr Loh Yoon Hon,yhloh@sunrich-ew.com,6066771711/6759955,6066774406/6759991, http://www.srit.com.my/
SAIL CREST INDUSTRY SDN BHD(453710-V),Mr Lee Chee Kuen,info@scrubbermembrane.com,60333243325,60333243320, http://www.sail-crest.com
SAIL CREST RUBBER MEMBRANE SDN BHD(693951-W),Ms Ang Yee Hoon,info@scrubbermembrane.com,0333243325,0333243320, http://www.scrubbermembrane.com
SAKURA RUBBER SDN BHD(581110D),Mr. Jegathesan a/l Santhanadas,jega@sakurarubber.com,045080118,045071168, www.sakurarubber.com
SAMA KEJURUTERAAN SDN BHD,Mr. T. H. Kuan,SK@samakej.com.my,60389615981,60389615481, http://www.samakej.com.my
SANCHEM CORPORATION SDN BHD(163026-W),Ms Foo Ah Huey,ahfoo@sanchem.com.my,6043998310,6043998155,-
SANCTUARY HEALTH SDN BHD(583967-K),Ms Lee Huey Ying,info@sanctuaryhealth.com.my,6052553939,6052559339, http://www.sanctuaryhealth.com.my
SARPI ENTERPRISE SDN BHD(302818-V),Mr. Allen Lim,allenlim@sarpi.com.my,6063368878/8788,6063368787, http://www.sarpi.com.my
SATISFLEX MANUFACTURING (M)  SDN BHD(595182-U),Ms Vendy Lee,vendysatisflex@gmail.com,60332898457,60332897105, http://www.satisflex.com.my
SAVE MEDIC PRODUCTS (M) SDN. BHD.(1456258-U),Mr. Thanggaraju a/l Krishnan,vikramprabhakkar@yahoo.com,0332506051,0332509051,-
SCHAEFER KALK (M) SDN BHD(360831-K),Mr. Paul R. Ellis,schaeferk@po.jaring.my,60377853602,60377853603,-
SCHMACO AUTO PARTS INDUSTRIES SDN BHD(134444-H),Mr Kenneth Tan,kenneth@schmaco.com.my,60361381166,60361386088, http://www.schmaco.com.my
SCIENCE TECHNICS SDN BHD(347481-K),Dr. R. Alagaratnam,ratnam@po.jaring.my,60361565007,60361562891,-
SECURE SCIENTIFIC SDN BHD(469701-D),Mr Bong Yong Wah,yongwah94@hotmail.com,6044848532,6044843631/9048, https://securescientific.weebly.com
SEGAR ALATAN SAINS (M) SDN BHD(17058-T),En Mohd Zamri Abdul Gani,sales@segarasia.com,60378035500,60378035501,-
SEIKIDO TECHNOLOGY SDN BHD(661403-T),Ms. Cefinny Teh JP,cefinny.teh@seikido.com.my / cefinny@gmail.com ,6046403318,6046448218, http://www.seikido.com.my
SELANGOR RUBBER FACTORY SDN BHD(17507-A),Mr Amran Bin Badarudin,amran@s-r-f.com,60362745833/3319,60362744243, http://www.s-r-f.com
SENTIENX SDN BHD(873260-D),Ms Chan Siao Yun,sychan@topglove.com.my,044019888,, https://www.topglove.com
SEPATU TIMUR SDN BHD(107333-U),En Mohd Alwi Musa,sepatu@minoli.com.my,60326978255,60326973255, https://www.minoli.com.my/
SERVICOM SERVICES SDN BHD(112195-A),Ms Bridget Rozario,bridget@servicom.com.my,0379323778,60377858677, http://www.servicom.com.my
SHIELD SCIENTIFIC SDN BHD(887353-D),Mr Sugumar Kunasegran,sugumar.kunasegaran@shieldscientific.com,,, https://www.shieldscientific.com
SHIELDTEX SDN BHD(172069-D),Ms Bee S Tan,enquiries@shieldtex.com.my,60355101228/55101220/55101208,60355108333, http://www.shieldtex.com.my
SHIN CHIN TYRES & BATTERIES SDN BHD(43704-A),Mr. Lim King Hong,sinchin@pd.jaring.my,6082330880,6082333893,-
SHINYO INTERNATIONAL SDN BHD(685428-W),Mr Kenneth Tham,shinyointernational@yahoo.com,0380602771/0126912363,0380603772,-
SHORUBBER (MALAYSIA) SDN BHD(181609-U),En Imran Ibrahim,imran@shorubber.com.my,6049769948,6049769952, http://www.showaco.com
SIGMA GLOVE INDUSTRIES SDN BHD(978489-V),Ms Peggy Chong,peggychong@smartgloveintl.com,0332916100,,-
SILCOTECH INDUSTRY SDN BHD(745404-K),Mr Yeoh Lik Jin,ljyeoh@silcotechindustry.com,044419928,044429928, http://www.silcotechindustry.com
SILITECH TECHNOLOGY CORPORATION SDN BHD(579414-T),Ms Tan Gaik Suan,Janet.Tan@silitech.com,6045872128,6045871087, http://www.silitech.com.my
SIM MANUFACTURING SDN BHD(803638-W),Ms Vimala S. Kunjuran,sales@skellerup.com.my,6078611808,6078611229, http://www.skellerup.com.my
SIN HUA TYRES RETREADING SDN BHD(43059-T),Mr. Charlie Tan Kian Ong,,6097745555/5666,6097745999,-
SINAMIK ENGINEERING SDN BHD(406547-V),Mr Lim Siang Sen ,sinamik88@yahoo.com,6044423197,6044423196, http://www.sinamik.com.my
SKILMOLD SDN BHD(200383-K),Mr B. H. Tan,-,60333419487,60333419487,-
SM GLOVE SDN BHD(202001011745 (1368065-K)),Mr Tee Chor Seng,cstee@smglove.com.my,064818989,064818949, https://smglove.com.my/
SMART GLOVE CORPORATION SDN BHD(403570-D),Ms Peggy Chong,peggychong@smartgloveintl.com,60356147611,60386019488, http://www.smartglove.com.my
SNKO CERAMICS (M) SDN BHD(174663-D),Ms Alicia Kong,alicia@snko.com.my/snko@snko.com.my,60387667233,60387666112, http://www.snko.com.my
SOH KING NENG & SONS SDN BHD(49024-T),Mr. Soh Kim Hock,,6079473622/3/4,6079473625,-
SOON HUAT RUBBER INDUSTRIES SDN BHD(1191941-U),Mr Choi Kwong Huat,marketing@soonhuatrubber.com.my,60332911646,, http://www.soonhuatrubber.com.my
SOURCESPOT SDN BHD(1043588-X),Ms Janice Guok,janice@sourcespot-inc.com,0364134853,, www.sourcespot-inc.com
SOUTHERN LATEX PRODUCTS SDN BHD(167224-K),Ms Lim Khar Hoon,account@southernlatex.com,6045828181/9191,6045827511, http://www.southernlatex.com
SOUTHLAND A1 RUBBER SDN BHD(1230268-V),Mr Wee Wearn Lee,general@southlanda1rubber.com,6044767260,6044767154, n/a
SOUTHLAND ANJAHAN SDN BHD(1233267-D),Mr Poon Cheong Ming / Mr Vishnu,generalaffair@southlandmy.com / vishnu@southlandmy.com / anj_fac@southlandmy.com,6066011013/6011130,6066011703, http://www.southlandglobal.com
SOUTHLAND TATT WIN RUBBER SDN BHD(1230273-A),Mr Poon Cheong Ming / Mr Mah Chan Fang,generalaffair@southlandmy.com / mahcf@southlandmy.com / operation_twr@southlandmy.com,6066011013/6011130,6066011703, http://www.southlandglobal.com
SPHERE CORPORATION SDN BHD(031341-V),Mr. Lai Kim Teng,sphere@ppp.nasionet.net,60331687177,60331687097,-
SRI CINMAL SDN BHD(104551-A),Mr Edward,info@toys.com.my,60392856668,60392856118, http://www.toys.com.my
SRI KOTA RUBBER MFG SDN BHD(152088-W),Ms Daphne Lim,sales@srikota.com,6065563688,6065563788, http://www.srikota.com
SSN MEDICAL PRODUCTS SDN BHD(441893-K),Ms Pathmahwathy (Jessy),ssnmarketingassistant@gmail.com,60389616869,60389618829, http://www.ssnmedical.com
STAHL WERKE SDN BHD(268847-V),-,stawer@stahlwerke.com.my,60387232113,60387238155, http://www.stahlwerke.com.my
STERIMED SDN BHD(568957-P),Mr William Cheong,william@sterimed.com.my,60391301468,60391301469, http://www.sterimed.com.my
SUCI RUBBER SDN BHD(365900-X),En. Hashim Abdullah,sucir@tm.net.my,6097746288,6097741288,-
SUM HING ENGINEERING WORKS SDN BHD(96737-U),Mr. Yue khin Meng,,60392219105,60392228584,-
SUMIRUBBER MALAYSIA SDN BHD(172875-K),Ms Sherine Lim,sherine@srim.com.my,6044213121,6044213123, https://www.sumirubber.com
SUN ORGANISATION SDN BHD(57404-K),Mr Edward Lee,edwardlee@sunrich-ew.com,6066771711/2993,6066777872, http://www.suntex.com.my
SUN RUBBER INDUSTRY SDN BHD(65329-A),Mr Soon Tuang Cheong,tcsoon@sunrich-ew.com / srexport@sunrich-ew.com ,6066759988/6771711,6066759994/6774945, http://www.srit.com.my
SUN TYRE INDUSTRIES SDN BHD(44484-H),Mr Chin Hon Meng,chmsri@sunrich-ew.com,066771711,066793561, http://www.srit.com.my/
SUN YUEN RUBBER MANUFACTURING CO SDN BHD(73032-H),Mr Vincent,sunyuenrubber@gmail.com,6052810316,6052812558, http://www.sunyuen.org.my/
SUNATEX SDN BHD(1130037-K),Mr Abdul Shukur Mohd Zain,shukur@sunatex.my,60135069981,60377318339, http://www.sunatex.my
SUNGAI TAWAR LATEX CO SDN BHD(3746-K),Mr Siow,sfw2121@hotmail.com,6044766217/5361,6044767154,-
SUPERMAX GLOVE MANUFACTURING SDN BHD(218698-T),Ms Tan Lay Bin,lb.tan@supermax.com.my,60361452328,60361562191, http://www.supermax.com.my
SUPERMAX LATEX PRODUCTS SDN BHD(34197-T),Mr Denis Low,denis.low@supermax.com.my,60361452328,60361562191, http://www.supergloves.com
SUPREME EVA INDUSTRIES SDN BHD(653440-V),Mr Lee Tzong Ee (Zare),zare@supremefoam.com,065561345,065566048, http://www.supremefoam.com
SUZUKI LATEX INDUSTRY MALAYSIA SDN BHD(162802-K),Ms Merinda Wong,merindawong@suzukilatex.com.my,60351911540,60351911133, http://www.suzukilatex.com.my/
SWAN RUBBER PRODUCTS (IPOH) SDN BHD(230796-P),Mr Lam King Yin,swanrub2@gmail.com,6055269778/60125218918,6055260377, http://www.swan-rubber.com/
SYARIKAT CHUAN LEE RUBBER SDN BHD,Mr Eng Sai Soong,sclr2828@yahoo.com,6092663522/2015,6092664254/4573, n/a
SYARIKAT LADANG SUNGAI TERAH SDN BHD(57894-P),,,6099120402/0410/0401,6099121628, http://www.pkink.gov.my
SYARIKAT LIAN HWA MANUFACTURING SDN BHD(27581-V),Mr Liew Xuan Ru (Andrew),andrewliew@lianhwa.com.my,60175388620/60123699465,60379819112, http://lianhwa.com.my/
SYARIKAT NAM MEOW SDN BHD(25677-X),Mr. Yip Thiam Yun,,60390747542/7543,60390747551,-
SYARIKAT TENAGA (GEMAS) SDN BHD(68443-P),,,6069864268/9866981,6069864272, http://www.tenagagemas.com
SYNN LEE & CO. SDN BHD,Mr Ng Hsien Wan,synnlee@po.jaring.my,6058075100,6058077708,-
SYNTHOMER SDN BHD(510369-K),Mr. David Spensley,synthomer@po.jaring.my,60379563997,60379577642, http://www.synthomer.com
SYNZTEC (M) SDN BHD(172901-A),Mr Homare Sawafuji,h.sawafuji@synztec.com.my,60355100655,60355100180, http://www.synztec.com.my
T.E. AUTO RUBBER PRODUCTS SDN BHD(179514-H),Ms Onn Hwee Nee,teauto@gmail.com,60378459130,60378459131, http://www.te-autorubber.com
TAB NEW WELL RUBBER INDUSTRIES SDN BHD(193033-U),Mr.Takatsugu Arai,,6044233476,6044218505,-
TAI HIN & SON (PG) SDN BHD(38026-W),Ms Koid,koid@tayarmart.com.my,6043990108/0109,6043991117, http://www.tayarmart.com.my/index.htm
TAI TEONG RUBBER FACTORY SDN BHD(7111-P),,,6045731213/5731235,6045733055, n/a
TAIKO PLANTATIONS SDN BHD,Mr Chung Yook Tong,enquiry.kl@taikogroup.net,60350399100/78049228,60378049228, http://www.taikogroup.net
TAKASO RUBBER PRODUCTS SDN BHD(87327-V),Mr Lee Cher Ling,cherling_lee@takaso.com,6069510988,6069516333, http://www.takaso.com
TAKECHI RUBBER INDUSTRY (MALAYSIA) SDN BHD(332131-A),Mr. Masao Shimomoto,takechi@pc.jaring.my,,, http://www.takechi.co.jp/
TAN KOR SENG & SON RUBBER WORKS SDN BHD(31639-X),Mr Ooi Kok Keong,tkss@tkssrubber.com,6052821127,6052821750,-
TAN SIN LIAN INDUSTRIES SDN BHD(204308-D),Ms Christine Koh,tsl@tansinlian.com,6069510526,6069510400, http://www.tansinlian.com
TANJU PENG SILICONE RUBBER INDUSTRIES SDN BHD(301269-H),Mr Tan Chee Shiong,tanjupeng@gmail.com,60361858988/7988,60361893988, http://www.jperi.com
TANTEX RUBBER WORKS SDN BHD(366360-D),Mr Steven Tan,enquiry@tantexrubberworks.com,60332503800,60332503803, http://www.tantexrubberworks.com
TCS QUALITY AND PRODUCTIVITY SDN BHD(496042-D),Mr Teoh Chin Sen,simon@tcsqp.com,60390766811,60390765811, http://www.tcsqp.com.my ; www.tcsqp.com 
TECHNIRAY SDN BHD,Ms Teoh Ai Leng,techniray@gmail.com,6045511011,6045511041,-
TECHNOMEIJI RUBBER SDN BHD(318198-H),Mr Tsukasa Ishii,tsukasa.ishii@zebcycle.com,60356324955/88,60356347178, http://www.zebcycle.com
TECK SENG INDUSTRIAL EQUIPMENT (KL) SDN BHD(10000-T),Mr. Lim Yeang Seo,tsmesin@streamyx.com,60392218222,60392210741,-
TEFRON SDN BHD(907164-D),Ms Siti Zanariah binti Jamil,siti-z@titron.com.my,0331911686,0331912686,-
TEH AH YAU RUBBER FACTORY SDN BHD(40609-P),,,6044573617/3618/3619,6044573616, http://www.tayrubber.com.my
TEKMEDIC (M)  SDN BHD(170720-T),Mr Nicholas Leong,nicholasleong@tekmedicgloves.com,60377298899,60377275785,-
TELEFLEX MEDICAL SDN BHD(128555-V),Ms Janette Teoh,janet.teoh@teleflex.com,6058915111,6058912699, http://www.teleflexmedical.com
TERANG NUSA (MALAYSIA) SDN BHD(224197-U),Mr Aaron Lam / Mr Simon Shih,aaronlam@topglove.com / chshih@topglove.com,60378903300,0333623860, http://www.adventa-health.com
TEXSTRIP MANUFACTURING SDN BHD(171110-T),Mr Wong TK / Mr Kok WK,tkwong@texstrip.com.my / wkkok@texstrip.com.my,60351212662,60351212772, www.furniweb.com.my
TG MEDICAL SDN BHD(283358-W),Ms Kalai Arasi Palaniappan / Ms Wendy Yeoh,sales@topglove.com.my,60333927880/7350,60333927229, http://www.topglove.com
THE FEMALE HEALTH COMPANY (M) SDN BHD(772707-P),Ms Asiah Binti Radin Muhamad Amin,asiahr@thefemalehealth.com.my,60390762906/7,60390762908, www.femalehealth.com
TIONG HUAT RUBBER FACTORY SDN BHD(8700-M),,,6044404911/55,6044404233, http://www.tionghuatrubber.com
TIOXIDE (MALAYSIA) SDN BHD(88183-K),En. Zulkarnain Awang,zul_awang@huntsman.com,6098631688,6098631988, http://www.huntsman.com
TITIRIA SDN BHD(190566-K),Mr. Tee Wee Jeng,ttria139@tm.net.my,6088426760/424910,6088431207,-
TITRON RUBBER INDUSTRIES (M) SDN BHD(391788-V),Ms Siti Zanariah Binti Jamil,siti-z@titron.com.my,60331203833/23,60331203813, http://www.titron.com.my
TOA TEC (M) SDN BHD(247548-P),Mr Tsuyoshi Nagano,tsuyoshi.nagano@toatec.com.my,6078617624/7696/0421,6078617639,-
TONG YONG RUBBER (M) SDN BHD(235467-T),Mr Theodore KC Wong,theodore@tongyong.com.my,60351915782/5784/5785/5786,60351915788, http://www.tongyong.com.my
TOP FEEL SDN BHD(1253411-P),Mr. Chris Ang Li Bin,lbang@topglove.com,60333927880,60333929160, www.topglove.com
TOP GLOVE SDN BHD(220483-T),Dato' KM Lee / Aaron Lam,sales@topglove.com.my,60333623098,60333625096, http://www.topglove.com
TOP QUALITY GLOVE SDN BHD(730768-X),Ms Chong Fei Meng,fmchong@topglove.com,0333921992,,-
TORITA RUBBER WORKS SDN BHD(63304-V),,,60333756789,60333713898, n./a
TOYO RUBBER (M) SDN BHD(272086-U),Mr R Balakrishnan Nair,toyo@toyotires.com.my,6072528000,6072518816, http://www.showarubber.com
TOYOPOWER MANUFACTURING SDN BHD(1186134-H),Mr Alvin Ng,alvinng-sg@toyopower.com,036607773,, www.toyopower.com
TRADECYANIC SDN BHD(1267468-P),Mr Mohammad Mohammad Alessawi,alessawy@tradecyanic.com,0328568334,, http://www.tradecyanic.com
TRAPO MALAYSIA SDN BHD(1214614-T),Mr Lee Tzong Ee,admin5.my@trapo.asia,065560351,065566048, www.trapo.asia
TUARAN CRUMB SDN BHD,-,,088788766,088788729,-
U.B. RUBBER PRODUCTS SDN BHD(19950-U),Mr Lim Hock Soo,ubrubber@gmail.com,6054596252/4583381,6054597568, http://www.ubrubber.com.my
UG GLOBAL RESOURCES SDN BHD(899229-P),Mr Lee Jun Yih,junyih.lee@ughcc.com,066772751,066772755, http://www.unigloves.com.my
UNIKA RUBBER PRODUCTS SDN BHD(158710-A),Mr. Teong Ah Hwa,greentiong@unika.com.my / unikarubber@gmail.com,072367249/072367250,072366728,-
UNIPAC CORPORATION (M) SDN BHD(180802-U),Mr SS Lim / Mr David Yap,unipackl@tm.net.my,60378462008,60378462588, http://unipac.com.my
UNITED DRAGONS CORPORATION SDN BHD(174718-T),Frank Ng,frank_ng@uniteddragons.com.my,065531881/1882,065531899,-
URO TECHNOLOGY SDN BHD(472154-X),Ms Boey Choy Leng,boey@karex.com.my,6076863366/4366,6076862266, http://www.urotechnology.com
USE ELECTRONICS (M) SDN BHD(314642-W),Ms Joanne Liew,joanne@use2u.com,60380664499,60380524411, http://www.use2u.com
USMETA MANUFACTURING SDN BHD(255932-K),En. Rohaizad Abu Bakar,,60342566198,60342576332,-
VIKING SHOES SDN BHD(203598-H),Mr Tommy Loke,vikingshoes@time.net.my,6052828960,6052828967,-
WALK ABOUT KILANG KASUT SDN BHD(40967-H),Mr Chua Boon Hun,terencechua@walkabout.com.my,6062618818/6168,6062616989, http://www.walkabout.com.my
WANJUN PRECISION MACHINING SDN BHD(398502-D),Mr ST Cho,info@wanjun.my,046388828,, http://www.wanjun.my
WATAS HOLDINGS SDN BHD(59440-H),Mr Gurdial Singh,info@watas.com.my,6046266761,6046264859, http://www.watasholdings.com
WEAR SAFE (MALAYSIA) SDN BHD(204396-X),Mr KK Heng,mcheng@kossan.com.my,60333923088,60333922328, http://www.kossan.com.my
WELLCALL HOSE (M) SDN BHD(343730-A),Mr Leong Hon Chong,wellcall@wellcall.com.my,6053668805/6/7,6053668768, http://www.wellcall.com.my
WESMA RUBBER PRODUCTS SDN BHD(471815-W),Ms Banumathi,marketing@wesmarubber.com,60332911090/1528,60332912984, http://www.wesmarubber.com
WILA INDUSTRIAL CHEMICALS SDN BHD(171675-W),Mr. Edison Tan,,60392857368,60392850290,-
WINDWELL DAIWA SDN BHD(450285-K),Mr Yong Tet Phin,scyang@windwelldaiwa.com.my,60332905216/0122991848,60332905204,-
WINMED SDN BHD(1053355-M),Ms Carmel Ong,carmel@winmedgroup.com,0123763938,, http://www.winmedgroup.com
WINSELL (M) SDN BHD(149694-U),Mr Chan Chen Ming,winsell@outlook.com,60351614211,60351615878, http://www.winsell.com.my
WORLDWIDE RESINS & CHEMICALS SDN BHD(220766-D),Ms Joyce Yee,joyce@wwrc.com.my,60351224899,60351224849, http://www.wwrc.com.my
WRP ASIA PACIFIC SDN BHD(147817-V),Ms Sharon Hau,sharon@wrpworld.com,60387061486,60387069788, http://www.wrpworld.com
WRP SPECIALTY PRODUCTS SDN BHD(112713-V),Ms Sharon Hau,sharon@wrpworld.com,60387061486,60387061557, http://www.wrpworld.com
YAMAUCHI (M) SDN BHD(172271-V),Mr Alex Phua,puralex@yamauchi.com.my ,6075993335,6075993337/5989167, https://www.yamauchi-rubber.com/index.html
YAMAUCHI MALAYSIA SDN. BHD.(172281-V),Mr. Y. Ninokata,,,,-
YATO PRECISION ENGINEERING SDN BHD(509070-M),Mr Gan Kee Ron,ron@yato.com.my,0387668128,0387667128, http://www.yatogroup.com
YONG FONG RUBBER INDUSTRIES SDN BHD(485740-A),Mr Darren,inquiry@yongfong.com.my,60331343135,60331343136, http://www.yongfong.com.my
YOSOGO WRITING INSTRUMENT SDN BHD(179672-P),Mr Eddie Teh Choon Jin,eddie@yosogo.com,043321133,043327278, http://www.yosogo.com
YSP INDUSTRIES (M) SDN BHD(192593-U),Ms Mik Siang Gien,sgmik@yspsah.com,60377276390,60377276701, http://www.yspsah.com
YTY INDUSTRY SDN BHD(176157-M),Ms. Laura Chong,inquiry@ytygroup.com.my,60321770000,60321770002, https://www.ytygroup.com.my
YUMMYLOOKS SDN BHD(1245512-W),Ms Wenny Vinciani,vinciani@medrux.com,0329359191,, https://medrux.com/
ZANTAT SDN BHD(79120-A),-,zantat@tm.net.my,60362581985,60362518766,-
ZILLION ACE (M) SDN BHD(244239-V),Mr Tan See Hock,admin@zillionace.com; shtan04@gmail.com,6063351596/97,6063351590, http://www.zillionace.com
